title,rating,voters,timestamp
Harlequin: Pernikahan Musim Dingin (A Winter Wedding),0.0,0,2024-11-23 16:19:32.414146
Dying To Be Me,0.0,0,2024-11-23 16:19:32.414146
Releases ...,0.0,0,2024-11-23 16:19:32.414146
9 November ( November 9),0.0,0,2024-11-23 16:19:32.414146
Petualangan Jack & Piggy Natal,0.0,0,2024-11-23 16:19:32.414146
News Releases,0.0,0,2024-11-23 16:19:32.414146
The Hunger Games,0.0,0,2024-11-23 16:19:32.414146
Mata Kegelapan (The Eyes Of Darkness),0.0,0,2024-11-23 16:19:32.414146
Press Releases,0.0,0,2024-11-23 16:19:32.414146
Ibm Ds8880 Architecture And Implementation (Release 8.51),0.0,0,2024-11-23 16:19:32.414146
Press Release,0.0,0,2024-11-23 16:19:32.414146
Compilation Of Releases Under Securities Act Of 1933,0.0,0,2024-11-23 16:19:32.414146
"The Introduction, Release, And Recovery Of Parasites Of The Alfalfa Weevil In Eastern United States",0.0,0,2024-11-23 16:19:32.414146
Press Releases,0.0,0,2024-11-23 16:19:32.414146
Release,0.0,0,2024-11-23 16:19:32.414146
Mudah & Cepat Menguasai Autocad 2D Release 2018,2.0,1,2024-11-23 16:19:32.414146
Toxics Release Inventory,0.0,0,2024-11-23 16:19:32.414146
"Fascial Release For Structural Balance, Revised Edition",0.0,0,2024-11-23 16:19:32.414146
"Compilation Of Releases Under Public Utility Holding Company Act Of 1935 To And Including December 31, 1936",0.0,0,2024-11-23 16:19:32.414146
Holding Company Act. Release,0.0,0,2024-11-23 16:19:32.414146
Losing Streak,0.0,0,2024-11-23 16:19:32.414146
"Prison Admissions And Releases, 1982",0.0,0,2024-11-23 16:19:32.414146
Pp Office Commserver 2007 Release 2,0.0,0,2024-11-23 16:19:32.414146
Press Release,0.0,0,2024-11-23 16:19:32.414146
Look Wot I Dun: Don Powell Of Slade,0.0,0,2024-11-23 16:19:32.414146
Federal Communications Commission Reports,0.0,0,2024-11-23 16:19:32.414146
Mahir Menggunakan Autocad 2D Release 2008,0.0,0,2024-11-23 16:19:32.414146
Mahir Menggambar Autocad 3D Release 2008,4.5,3,2024-11-23 16:19:32.414146
Music In Video Games,0.0,0,2024-11-23 16:19:32.414146
Inorganic Controlled Release Technology,0.0,0,2024-11-23 16:19:32.414146
Pretrial Release Programs,0.0,0,2024-11-23 16:19:32.414146
Fas Release,0.0,0,2024-11-23 16:19:32.414146
Sihir Kelam (A Darker Shade Of Magic),0.0,0,2024-11-23 16:19:32.414146
Adobe Indesign Cc Classroom In A Book (2015 Release),0.0,0,2024-11-23 16:19:32.414146
Windows 8.1 All-In-One For Dummies,0.0,0,2024-11-23 16:19:32.414146
"Federal-State Tax Coordination, Press Release",0.0,0,2024-11-23 16:19:32.414146
Adobe Indesign Classroom In A Book (2022 Release),0.0,0,2024-11-23 16:19:32.414146
Prisoner Release In The District Of Columbia,0.0,0,2024-11-23 16:19:32.414146
Cosmopolitan Culture And Consumerism In Chick Lit,0.0,0,2024-11-23 16:19:32.414146
Pitch It!,0.0,0,2024-11-23 16:19:32.414146
The Cambridge Companion To The Postcolonial Novel,0.0,0,2024-11-23 16:20:43.207289
The Contemporary British Historical Novel,0.0,0,2024-11-23 16:20:43.207289
The Novel Of Female Adultery,0.0,0,2024-11-23 16:20:43.207289
The Postcolonial Historical Novel,0.0,0,2024-11-23 16:20:43.207289
"Women, The Novel, And Natural Philosophy, 1660–1727",0.0,0,2024-11-23 16:20:43.207289
The English Middle-Class Novel,0.0,0,2024-11-23 16:20:43.207289
Epic Into Novel,0.0,0,2024-11-23 16:20:43.207289
Gale Researcher Guide For: Harriet Wilson: Gender And The African American Novel,0.0,0,2024-11-23 16:20:43.207289
Screening The Novel,0.0,0,2024-11-23 16:20:43.207289
The English Novel In History 1700-1780,0.0,0,2024-11-23 16:20:43.207289
May. [A Novel.],0.0,0,2024-11-23 16:20:43.207289
Love Letters And The Romantic Novel During The Napoleonic Wars,0.0,0,2024-11-23 16:20:43.207289
Sabina. A Novel,0.0,0,2024-11-23 16:20:43.207289
A Fair Saxon. A Novel,0.0,0,2024-11-23 16:20:43.207289
The Second Western Novel Megapack Tm: 4 Great Western Novels,0.0,0,2024-11-23 16:20:43.207289
Save The Cat! Writes A Novel,0.0,0,2024-11-23 16:20:43.207289
Badai Pasti Berlalu,5.0,1,2024-11-23 16:20:43.207289
Erma'S Engagement. A Novel,0.0,0,2024-11-23 16:20:43.207289
Sheen'S Foreman. [A Novel.],0.0,0,2024-11-23 16:20:43.207289
Cut Adrift. A Novel,0.0,0,2024-11-23 16:20:43.207289
Grenville Landon. A Novel,0.0,0,2024-11-23 16:20:43.207289
Her Husband'S Keeper. A Novel,0.0,0,2024-11-23 16:20:43.207289
A Woman' S Vengeance A Novel,0.0,0,2024-11-23 16:20:43.207289
"The Rector Of Oxbury, A Novel",0.0,0,2024-11-23 16:20:43.207289
Penelope'S Webb. A Novel,0.0,0,2024-11-23 16:20:43.207289
Fair To See. A Novel. In Three Volumes,0.0,0,2024-11-23 16:20:43.207289
"Chaste As Ice, Pure As Snow. A Novel",0.0,0,2024-11-23 16:20:43.207289
The History Of Margaret Morton. [A Novel],0.0,0,2024-11-23 16:20:43.207289
Wanita Di Kamar Rahasia,0.0,0,2024-11-23 16:20:43.207289
Remedial Cinta ; Novel Lovrinz Publishing,0.0,0,2024-11-23 16:20:43.207289
Petaka Cinta Di Gedung Tua: Novel Penerbit Lovrinz,0.0,0,2024-11-23 16:20:43.207289
Bukan Jalanku,0.0,0,2024-11-23 16:20:43.207289
Risalah Hati Tentang Cinta ; Novel Penerbit Lovrinz,0.0,0,2024-11-23 16:20:43.207289
Novel Anak: Princess Hamesha,4.0,2,2024-11-23 16:20:43.207289
The Great Gatsby,0.0,0,2024-11-23 16:20:43.207289
Serpihan Hati,0.0,0,2024-11-23 16:20:43.207289
Menikah Tanpa Cinta,0.0,0,2024-11-23 16:20:43.207289
"The Silver Creek (A Woodlea Novel, #6)",0.0,0,2024-11-23 16:20:43.207289
The Story Of Santri Cyber ; Novel Lovrinz Publishing,0.0,0,2024-11-23 16:20:43.207289
Putri Eng Kian ; Novel Lovrinz Publishing,0.0,0,2024-11-23 16:20:43.207289
The Wines Of The Bible,0.0,0,2024-11-23 16:21:31.844535
Indian Wisdom,0.0,0,2024-11-23 16:21:31.844535
Finding Square Holes,0.0,0,2024-11-23 16:21:31.844535
Mexploitation Cinema,0.0,0,2024-11-23 16:21:31.844535
Indecent Exposure,0.0,0,2024-11-23 16:21:31.844535
Lead-Based Paint Handbook,0.0,0,2024-11-23 16:21:31.844535
Bulletin,0.0,0,2024-11-23 16:21:31.844535
Introduction To Information Systems,0.0,0,2024-11-23 16:21:31.844535
Taking The Initiative,0.0,0,2024-11-23 16:21:31.844535
Exemplary Practices In Marine Science Education,0.0,0,2024-11-23 16:21:31.844535
The Rough Guide To Denmark,0.0,0,2024-11-23 16:21:31.844535
The Contemporary Review,0.0,0,2024-11-23 16:21:31.844535
Disability And Social Media,0.0,0,2024-11-23 16:21:31.844535
Depth Of Shallow Culture,0.0,0,2024-11-23 16:21:31.844535
The 2016 Baby Names Almanac,0.0,0,2024-11-23 16:21:31.844535
Medieval Literature: The Basics,0.0,0,2024-11-23 16:21:31.844535
Remembering Popular Musics Past,0.0,0,2024-11-23 16:21:31.844535
Export Administration Annual Report ... And ... Report On Foreign Policy Export Controls,0.0,0,2024-11-23 16:21:31.844535
Unbeaten Tracks In Japan,0.0,0,2024-11-23 16:21:31.844535
Tradition And Islamic Learning,0.0,0,2024-11-23 16:21:31.844535
The Rough Guide To Fiji,0.0,0,2024-11-23 16:21:31.844535
Guide To The Great West,0.0,0,2024-11-23 16:21:31.844535
New Mentalities Of Government In China,0.0,0,2024-11-23 16:21:31.844535
The Beauty Of Believing,0.0,0,2024-11-23 16:21:31.844535
Managing And Processing Big Data In Cloud Computing,1.0,1,2024-11-23 16:21:31.844535
The Supermodel And The Brillo Box,0.0,0,2024-11-23 16:21:31.844535
The Sage International Encyclopedia Of Travel And Tourism,0.0,0,2024-11-23 16:21:31.844535
School Education,0.0,0,2024-11-23 16:21:31.844535
The Routledge Companion To Digital Ethnography,0.0,0,2024-11-23 16:21:31.844535
1Ast Hair In The Tail,0.0,0,2024-11-23 16:21:31.844535
Elinor. The Deserted Valley. Book 1,0.0,0,2024-11-23 16:21:31.844535
Investigating Internet Crimes,0.0,0,2024-11-23 16:21:31.844535
Highlighting The Importance Of Big Data Management And Analysis For Various Applications,0.0,0,2024-11-23 16:21:31.844535
Stars Illustrated Magazine. Special Issue 2014,0.0,0,2024-11-23 16:21:31.844535
Report Of The Fruit Growers' Association Of The Province Of Ontario,0.0,0,2024-11-23 16:21:31.844535
The Concise Encyclopedia Of Communication,0.0,0,2024-11-23 16:21:31.844535
Making Modern Mothers,0.0,0,2024-11-23 16:21:31.844535
The Nation,0.0,0,2024-11-23 16:21:31.844535
Small Groups,0.0,0,2024-11-23 16:21:31.844535
British Historical Fiction Before Scott,0.0,0,2024-11-23 16:21:31.844535
Flash Fiction : Jangan Berkedip!,2.0,1,2024-11-23 16:22:24.277216
Asian American Fiction After 1965,0.0,0,2024-11-23 16:22:24.277216
The Science Of Science-Fiction Writing,0.0,0,2024-11-23 16:22:24.277216
Schools Of Fiction,0.0,0,2024-11-23 16:22:24.277216
Writing Design Fiction,0.0,0,2024-11-23 16:22:24.277216
Latin American Science Fiction Writers,0.0,0,2024-11-23 16:22:24.277216
Climate Fiction And Cultural Analysis,0.0,0,2024-11-23 16:22:24.277216
Exploring Science Through Science Fiction,0.0,0,2024-11-23 16:22:24.277216
Desire And Domestic Fiction,5.0,1,2024-11-23 16:22:24.277216
The Presidents Of American Fiction,0.0,0,2024-11-23 16:22:24.277216
"British Experimental Women’S Fiction, 1945—1975",0.0,0,2024-11-23 16:22:24.277216
The Supernatural In Short Fiction Of The Americas,0.0,0,2024-11-23 16:22:24.277216
A Companion To Sensation Fiction,0.0,0,2024-11-23 16:22:24.277216
"Genesis: History, Fiction, Or Neither?",0.0,0,2024-11-23 16:22:24.277216
Reading And Mapping Fiction,0.0,0,2024-11-23 16:22:24.277216
Uncle John'S Bathroom Reader Presents Flush Fiction,0.0,0,2024-11-23 16:22:24.277216
Detective Fiction For Young Readers,0.0,0,2024-11-23 16:22:24.277216
"Victorian Popular Fiction, 1860–80",0.0,0,2024-11-23 16:22:24.277216
British Historical Fiction Before Scott,0.0,0,2024-11-23 16:22:24.277216
A Century Of French Fiction,0.0,0,2024-11-23 16:22:24.277216
John Fowles'S Fiction And The Poetics Of Postmodernism,0.0,0,2024-11-23 16:22:24.277216
Dark Horses: The Magazine Of Weird Fiction No. 9 October 2022,0.0,0,2024-11-23 16:22:24.277216
"Lewis Nkosi. The Black Psychiatrist | Flying Home: Fiction, Critical Perspectives And Homage",0.0,0,2024-11-23 16:22:24.277216
History Of Prose Fiction,0.0,0,2024-11-23 16:22:24.277216
"Mary, A Fiction And The Wrongs Of Woman, Or Maria",5.0,1,2024-11-23 16:22:24.277216
Science Fiction And Digital Technologies In Argentine And Brazilian Culture,0.0,0,2024-11-23 16:22:24.277216
The Jew In English Fiction,0.0,0,2024-11-23 16:22:24.277216
"Peoria Public Library List Of English Fiction, French Fiction, And Juveniles",0.0,0,2024-11-23 16:22:24.277216
A Library Of Famous Fiction,0.0,0,2024-11-23 16:22:24.277216
ʻTruth Is Stranger Than Fiction',0.0,0,2024-11-23 16:22:24.277216
Into The Mind : Introduction To Prose Fiction,0.0,0,2024-11-23 16:22:24.277216
Love And Death In Edith Wharton'S Fiction,0.0,0,2024-11-23 16:22:24.277216
"The Hero Of The Desert; Or, Facts More Wonderful Than Fiction. [With Cancel Title-Leaf, Reading] Moses, The Hero Of The Desert",0.0,0,2024-11-23 16:22:24.277216
"Character Sketches Of Romance, Fiction And The Drama",0.0,0,2024-11-23 16:22:24.277216
Author And Title List Of Fiction And Children'S Stories,0.0,0,2024-11-23 16:22:24.277216
"Outing; Sport, Adventure, Travel, Fiction",0.0,0,2024-11-23 16:22:24.277216
Altavona. Fact And Fiction From My Life In The Highlands,0.0,0,2024-11-23 16:22:24.277216
The Reality - Fiction Opposition In Children'S Literature,0.0,0,2024-11-23 16:22:24.277216
"Science Fiction Analysis: Philip K. Dick'S ""Do Androids Dream Of Electric Sheep?""",0.0,0,2024-11-23 16:22:24.277216
"Love And Sexuality In Dystopian Fiction. An Analysis Of ""Brave New World"" And ""Nineteen Eighty-Four""",0.0,0,2024-11-23 16:22:24.277216
The Science Of True Options Trading,0.0,0,2024-11-23 16:23:15.879889
Data Science For Business : Pengantar & Penerapan Berbagai Sektor,0.0,0,2024-11-23 16:23:15.879889
"Pembelajaran Stemc (Science, Technology, Engineering, Mathematics, And Character) Suatu Pendekatan Komprehensif Menghadapi Tantangan Abad 21",0.0,0,2024-11-23 16:23:15.879889
Model Pembelajaran Citizen Science Project,0.0,0,2024-11-23 16:23:15.879889
Why? Life Science - Ilmu Pengetahuan Alam (Edisi Baru),0.0,0,2024-11-23 16:23:15.879889
Gasing Science Bilingual 5A - Ipa Sekolah Dasar Kelas 5,0.0,0,2024-11-23 16:23:15.879889
Gasing Science Bilingual 3A - Ipa Sekolah Dasar Kelas 3,0.0,0,2024-11-23 16:23:15.879889
Gasing Science Bilingual 5B - Ipa Sekolah Dasar Kelas 5,0.0,0,2024-11-23 16:23:15.879889
Gasing Science Bilingual 6B - Ipa Sekolah Dasar Kelas 6,0.0,0,2024-11-23 16:23:15.879889
Gasing Science Bilingual 4B - Ipa Sekolah Dasar Kelas 4,0.0,0,2024-11-23 16:23:15.879889
Gasing Science Bilingual 3B - Ipa Sekolah Dasar Kelas 3,0.0,0,2024-11-23 16:23:15.879889
Gasing Science Bilingual 1B - Ipa Sekolah Dasar Kelas 1,0.0,0,2024-11-23 16:23:15.879889
Gasing Science Bilingual 1A - Ipa Sekolah Dasar Kelas 1,0.0,0,2024-11-23 16:23:15.879889
Gasing Science Bilingual 2A - Ipa Sekolah Dasar Kelas 2,0.0,0,2024-11-23 16:23:15.879889
Gasing Science Bilingual 6A - Ipa Sekolah Dasar Kelas 6,5.0,1,2024-11-23 16:23:15.879889
Gasing Science Bilingual 4A - Ipa Sekolah Dasar Kelas 4,0.0,0,2024-11-23 16:23:15.879889
Science Is Fun 3 - Saat Vici Terbang Di Atas Kebun,0.0,0,2024-11-23 16:23:15.879889
Pengenalan Prinsip Data Science Untuk Pemula,0.0,0,2024-11-23 16:23:15.879889
Why? Survival Science - Ilmu Bertahan Hidup,0.0,0,2024-11-23 16:23:15.879889
Pengantar Data Science,0.0,0,2024-11-23 16:23:15.879889
Pengantar Teknologi Informasi (Dalam Perkembangan Data Science),0.0,0,2024-11-23 16:23:15.879889
Dasar-Dasar Data Science Dan Aplikasinya Dengan Python,0.0,0,2024-11-23 16:23:15.879889
Visual Image Science Corner: Media Bantu Pembelajaran Sains,0.0,0,2024-11-23 16:23:15.879889
Renang The Science Of Swimming,0.0,0,2024-11-23 16:23:15.879889
Why? The Science Of Sleep,0.0,0,2024-11-23 16:23:15.879889
Science Is Fun 2 - Nyunyu Study Tour Ke Pantai,0.0,0,2024-11-23 16:23:15.879889
Basic Science Stem Cell Dan Metabolit,0.0,0,2024-11-23 16:23:15.879889
The Science Of Death,0.0,0,2024-11-23 16:23:15.879889
Statistik Praktis Untuk Developer Dan Data Science,0.0,0,2024-11-23 16:23:15.879889
Model Pembelajaran Mishe (Metacognition In Science For Higher Education),0.0,0,2024-11-23 16:23:15.879889
Guide Book Model Pembelajaran Mishe (Metacognition In Science For Higher Education),0.0,0,2024-11-23 16:23:15.879889
"Haryadi Index And Its Applications In Science Of Law, Sociology, Economics, Statistics, And Telecommunication",0.0,0,2024-11-23 16:23:15.879889
Pengembangan Pembelajaran Ipa Model Mishe (Metacognition In Science For Higher Education) Untuk Meningkatkan Higher-Order Thinking Skills Mahasiswa,0.0,0,2024-11-23 16:23:15.879889
Why? Social Science - Roman Empire - Kekaisaran Romawi,0.0,0,2024-11-23 16:23:15.879889
Gasing Science Bilingual 2B - Ipa Sekolah Dasar Kelas 2,0.0,0,2024-11-23 16:23:15.879889
The Positive Principle To Day,0.0,0,2024-11-23 16:23:15.879889
"Science, Public Policy And The Scientist Administrator",0.0,0,2024-11-23 16:23:15.879889
The Dismal Science,0.0,0,2024-11-23 16:23:15.879889
English Mechanic And Mirror Of Science And Art,0.0,0,2024-11-23 16:23:15.879889
Manual Of The Science Of Religion,0.0,0,2024-11-23 16:23:15.879889
Romance,0.0,0,2024-11-23 16:23:58.112569
Paper Romance,0.0,0,2024-11-23 16:23:58.112569
Romance Languages And Linguistic Theory 2011,0.0,0,2024-11-23 16:23:58.112569
"Dangerous Seduction: Nemesis, Unlimited Book 2 (A Page-Turning Historical Adventure Romance)",0.0,0,2024-11-23 16:23:58.112569
The Blithedale Romance (1876),0.0,0,2024-11-23 16:23:58.112569
A Riverside Romance,0.0,0,2024-11-23 16:23:58.112569
A Sherburne Romance,0.0,0,2024-11-23 16:23:58.112569
Shopping For A Ceo'S Fiancee (Shopping #5)(Romantic Comedy) (Biillionaire Romance) (Billionaire Comedy) (Contemporary Romance),0.0,0,2024-11-23 16:23:58.112569
If Research Were Romance And Other Implausible Conjectures,0.0,0,2024-11-23 16:23:58.112569
A Romance Of Two Worlds,0.0,0,2024-11-23 16:23:58.112569
Harlequin Medical Romance March 2017 - Box Set 2 Of 2,0.0,0,2024-11-23 16:23:58.112569
Harlequin Medical Romance November 2016 - Box Set 1 Of 2,0.0,0,2024-11-23 16:23:58.112569
Maclarens Of Fire Mountain Historical Western Romance Series Books 1 - 3,0.0,0,2024-11-23 16:23:58.112569
Incubus Among Us #1 (Shifter Romance),0.0,0,2024-11-23 16:23:58.112569
Harlequin Western Romance May 2018 Box Set,0.0,0,2024-11-23 16:23:58.112569
Harlequin Western Romance January 2017 Box Set,0.0,0,2024-11-23 16:23:58.112569
Runaway Hearts: A Science Fiction Romance Short Story,0.0,0,2024-11-23 16:23:58.112569
Accounting For Love: A Free Enemies-To-Lovers Western Romance,0.0,0,2024-11-23 16:23:58.112569
The Pirate: A Hostage Romance,0.0,0,2024-11-23 16:23:58.112569
A Paradise Of English Poetry: Romance,0.0,0,2024-11-23 16:23:58.112569
"The Romance Of Isabel, Lady Burton",0.0,0,2024-11-23 16:23:58.112569
"Character Sketches Of Romance, Fiction And The Drama",0.0,0,2024-11-23 16:23:58.112569
Dirty Romance,0.0,0,2024-11-23 16:23:58.112569
"The Marble Faun, Or The Romance Of Monte Beni",0.0,0,2024-11-23 16:23:58.112569
"The Redland Papers; Or, Trials Of A Loving Heart. A Romance",0.0,0,2024-11-23 16:23:58.112569
The Romance Of The English Stage,0.0,0,2024-11-23 16:23:58.112569
The Romance Of Berrimeed Mill,0.0,0,2024-11-23 16:23:58.112569
"Sister Martha, Or, A Romance Of The Franco-Prussian War",0.0,0,2024-11-23 16:23:58.112569
To Love An Older Man (Mills & Boon American Romance),0.0,0,2024-11-23 16:23:58.112569
"Have Gown, Need Groom (Mills & Boon American Romance)",0.0,0,2024-11-23 16:23:58.112569
Modern Romance January 2024 Books 1-4: The Baby His Secretary Carries (Bound By A Surrogate Baby) / The Italian'S Pregnant Enemy / His Last-Minute Desert Queen / A Vow To Redeem The Greek,0.0,0,2024-11-23 16:23:58.112569
Two Little Secrets (Mills & Boon American Romance),0.0,0,2024-11-23 16:23:58.112569
Modern Romance Collection: July 2017 Books 1 - 4: The Pregnant Kavakos Bride / The Billionaire'S Secret Princess / Sicilian'S Baby Of Shame / The Secret Kept From The Greek,0.0,0,2024-11-23 16:23:58.112569
"The Christmas Secret (Fatherhood, Book 33) (Mills & Boon American Romance)",0.0,0,2024-11-23 16:23:58.112569
Romance Of The Three Kingdoms,0.0,0,2024-11-23 16:23:58.112569
Historical Romance: Malam Penuh Skandal (That Scandalous Evening),0.0,0,2024-11-23 16:23:58.112569
Rooftop Romance,0.0,0,2024-11-23 16:23:58.112569
Ugly Love - Wajah Buruk Cinta,0.0,0,2024-11-23 16:23:58.112569
Romance Short Story - Vatria Estu,0.0,0,2024-11-23 16:23:58.112569
Her Forced Pleasure - A Steamy Billionaire Romance #2,0.0,0,2024-11-23 16:23:58.112569
History Of The Arabs,4.0,15,2024-11-23 16:25:32.142396
Implementasi G'Rotate History Untuk Meningkatkan Karakter Gotongroyong Dan Keterampilan Berkomunikasi Peserta Didik,0.0,0,2024-11-23 16:25:32.142396
"Pengembangan Kurikulum Sejarah Kebudayaan Islam Dengan Pendekatan Total History: Urgensi, Relevansi, Dan Aktualisasi",0.0,0,2024-11-23 16:25:32.142396
Sexy Designer History By Arifia Kurnia,0.0,0,2024-11-23 16:25:32.142396
History Dan Legacy Kabupaten Yalimo (Biografi Pemikir Dan Tokoh Pejuang Kabupaten Yalimo ),0.0,0,2024-11-23 16:25:32.142396
A Guide To The Study And Use Of Military History,0.0,0,2024-11-23 16:25:32.142396
History,0.0,0,2024-11-23 16:25:32.142396
"History Of Duchess County, New York",0.0,0,2024-11-23 16:25:32.142396
"Honour, Violence And Emotions In History",0.0,0,2024-11-23 16:25:32.142396
Teaching World History As Mystery,0.0,0,2024-11-23 16:25:32.142396
American Educational History Journal,0.0,0,2024-11-23 16:25:32.142396
The History Of Sicily From The Earliest Times,0.0,0,2024-11-23 16:25:32.142396
"The Constitutional History Of England Since The Accession Of George The Third, 1760-1860",0.0,0,2024-11-23 16:25:32.142396
History And Financial Crisis,0.0,0,2024-11-23 16:25:32.142396
An Atlas Of Irish History,0.0,0,2024-11-23 16:25:32.142396
Book History Through Postcolonial Eyes,0.0,0,2024-11-23 16:25:32.142396
An Environmental History Of Medieval Europe,5.0,1,2024-11-23 16:25:32.142396
Studies In The History Of The Near East,0.0,0,2024-11-23 16:25:32.142396
A History Of The Society Of Graphical And Allied Trades,0.0,0,2024-11-23 16:25:32.142396
A Lecture On The Study Of History,0.0,0,2024-11-23 16:25:32.142396
Original Sanskrit Texts On The Origin And History Of The People Of India,0.0,0,2024-11-23 16:25:32.142396
"Animal Plagues; Their History, Nature, And Prevention",0.0,0,2024-11-23 16:25:32.142396
History Of The Pequot War,0.0,0,2024-11-23 16:25:32.142396
Mapping Human History,1.0,1,2024-11-23 16:25:32.142396
A Short History Of German Literature,0.0,0,2024-11-23 16:25:32.142396
"Memoirs Of Eminent Etonians, With Notices Of The Early History Of Eton College",0.0,0,2024-11-23 16:25:32.142396
The History Of The North-West Rebellion Of 1885,0.0,0,2024-11-23 16:25:32.142396
Text-Book Of Church History. [Translated By J. H. A. Bomberger.],0.0,0,2024-11-23 16:25:32.142396
“An” Introduction To English Economic History And Theory: The Middle Ages,0.0,0,2024-11-23 16:25:32.142396
A Short History Of English Literature,0.0,0,2024-11-23 16:25:32.142396
The History Of The Ancient Town And Borough Of Newbury In The County Of Berks,0.0,0,2024-11-23 16:25:32.142396
History Of English Literature,0.0,0,2024-11-23 16:25:32.142396
Ecclesiastical History Of England ...,0.0,0,2024-11-23 16:25:32.142396
Documents Illustrating The History Of S. Paul'S Cathedral,0.0,0,2024-11-23 16:25:32.142396
A History Of New England,0.0,0,2024-11-23 16:25:32.142396
"A History Of Greek Art, With An Introductory Chapter On Art In...",0.0,0,2024-11-23 16:25:32.142396
A History Of The Scottish People From The Earliest Times,0.0,0,2024-11-23 16:25:32.142396
Military History Of Ulysses S. Grant,0.0,0,2024-11-23 16:25:32.142396
The History Of Margaret Morton. [A Novel],0.0,0,2024-11-23 16:25:32.142396
"The Early History Of The Independent Church At Rothwell, Alias Rowell, In Northamptonshire, From The 3Rd Year Of The Protectorate To The Death Of Queen Anne",0.0,0,2024-11-23 16:25:32.142396
Mistery Of Krakatau Mountains,0.0,0,2024-11-23 16:27:14.976817
Fantasteen Mistery Of Archelloite,0.0,0,2024-11-23 16:27:14.976817
Kisah-Kisah Tengah Malam - Tales Of Mistery And Terror,0.0,0,2024-11-23 16:27:14.976817
Christus A Mistery,0.0,0,2024-11-23 16:27:14.976817
"The Mistery Of Three Natures In The Son Of God; The Mistery Of The Two Natures In The One Mediator; And The Necessity Of These Natures, Each In Their Order ... By ... H. G.",0.0,0,2024-11-23 16:27:14.976817
Tales Of Terror And Mistery,0.0,0,2024-11-23 16:27:14.976817
The Mistery Of 31 New Inn,0.0,0,2024-11-23 16:27:14.976817
The Mistery Of Edwin Drood And Other Pieces,0.0,0,2024-11-23 16:27:14.976817
"The Mistery Of Baptism And The Lord'S Supper; And The Spirit Of Jesus, The Guide Unto Both ... Which May Serve As An Answer Unto R. Roper'S Answer Unto A Paper Written By Me In The Sence Of The Mistery Of God, Directed To All Baptists, Etc",0.0,0,2024-11-23 16:27:14.976817
The Mistery Of Edwin Drood,0.0,0,2024-11-23 16:27:14.976817
Parliamentary Papers,0.0,0,2024-11-23 16:27:14.976817
An Account Of The Mistery Of Mercers Of The City Of London,0.0,0,2024-11-23 16:27:14.976817
History Of The Worshipful Company Of The Art Or Mistery Of Feltmakers Of London,0.0,0,2024-11-23 16:27:14.976817
Report And Appendix,0.0,0,2024-11-23 16:27:14.976817
City Of London Livery Companies' Commission,0.0,0,2024-11-23 16:27:14.976817
Report And Appendix ...,0.0,0,2024-11-23 16:27:14.976817
The True Mistery Of The Passion,0.0,0,2024-11-23 16:27:14.976817
"History And Antiquities Of The Worshipful Company Of Leathersellers, Of The City Of London",0.0,0,2024-11-23 16:27:14.976817
"Gloves, Their Annals And Associations",0.0,0,2024-11-23 16:27:14.976817
"John Donne'S ""Orbe Of Man . . . . Inexplicable Mistery""",0.0,0,2024-11-23 16:27:14.976817
"Mechanick-Powers, Or, The Mistery Of Nature And Art Unvail'D",0.0,0,2024-11-23 16:27:14.976817
Pop Stories For Groovy Kids: The Hamiling Mistery,0.0,0,2024-11-23 16:27:14.976817
Report And Appendix ...,0.0,0,2024-11-23 16:27:14.976817
Type And Production Yearbook,0.0,0,2024-11-23 16:27:14.976817
"Grant Of Arms By Thomas Benolt, Clarenceux, 1530, And Grant Of Crest And Supporters, By Thomas [Sic] Cooke, Clarenceux, 1587, To The Worshipful Company Of Clothworkers",0.0,0,2024-11-23 16:27:14.976817
Holstein-Friesian Herd-Book,0.0,0,2024-11-23 16:27:14.976817
"Holstein-Friesian Herd-Book, Containing A Record Of All Holstein-Friesian Cattle ...",0.0,0,2024-11-23 16:27:14.976817
The Type And Production Year Book Of The Holstein-Friesian Association Of America,0.0,0,2024-11-23 16:27:14.976817
The Furniture Gazette,0.0,0,2024-11-23 16:27:14.976817
"Calendar Of Wills Proved And Enrolled In The Court Of Husting, London, A.D. 1258-A.D. 1688: A.D. 1358-1688",0.0,0,2024-11-23 16:27:14.976817
"Calendar Of Wills Proved And Enrolled In The Court Of Husting, London, A. D. 1259-A. D. 1688",0.0,0,2024-11-23 16:27:14.976817
"Calendar Of The Patent Rolls Preserved In The Public Record Office: Edward Iv, 1461-1467",0.0,0,2024-11-23 16:27:14.976817
Calendar Of The Patent Rolls Preserved In The Public Record Office,0.0,0,2024-11-23 16:27:14.976817
"Records Of The Worshipful Company Of Tallow Chandlers, London",0.0,0,2024-11-23 16:27:14.976817
Records Of The Worshipful Company Of Tallow Chandlers,0.0,0,2024-11-23 16:27:14.976817
Calendar Of The Patent Rolls,0.0,0,2024-11-23 16:27:14.976817
"The Ordinances Of The Clothworkers' Company Together With Those Of The Ancient Guilds Or Fraternities Of The Fullers & Shearmen Of The City Of Lon Don, Transcribed From The Originals In The Possession Of The Company",0.0,0,2024-11-23 16:27:14.976817
Some Account Of The Ancient Fraternity Of Merchant Taylors Of Bristol,0.0,0,2024-11-23 16:27:14.976817
"Calendar Of Wills Proved And Enrolled In The Court Of Husting, London, A.D. 1258-A.D. 1688",0.0,0,2024-11-23 16:27:14.976817
The Hosiery Retailer,0.0,0,2024-11-23 16:27:14.976817
Kiat Jitu Menjadi Best Seller,0.0,0,2024-11-23 16:38:26.140907
Mantappu Jiwa *Buku Latihan Soal,5.0,1,2024-11-23 16:38:26.140907
Kiat Jitu Menjadi Best Seller: Mempertahankan Bisnis Hingga Menjadi Best Seller,0.0,0,2024-11-23 16:38:26.140907
Atomic Habits: Perubahan Kecil Yang Memberikan Hasil Luar Biasa,0.0,0,2024-11-23 16:38:26.140907
Kiat Jitu Menjadi Best Seller: Mengambil Peluang Di Era Pasca Pandemi,0.0,0,2024-11-23 16:38:26.140907
Gone Girl - Yang Hilang,0.0,0,2024-11-23 16:38:26.140907
Ugly Love - Wajah Buruk Cinta,0.0,0,2024-11-23 16:38:26.140907
Bukan Sekadar Nulis Pastikan Best Seller,0.0,0,2024-11-23 16:38:26.140907
Beginilah Cara Saya Nulis Buku Bestseller,0.0,0,2024-11-23 16:38:26.140907
The Making Of A Bestseller,0.0,0,2024-11-23 16:38:26.140907
Bahasa Turki Dasar,0.0,0,2024-11-23 16:38:26.140907
Young Adult: Benci Yang Kautanam (The Hate U Give),0.0,0,2024-11-23 16:38:26.140907
The Making Of A Christian Bestseller,0.0,0,2024-11-23 16:38:26.140907
How To Become A Successful Author,0.0,0,2024-11-23 16:38:26.140907
Tukar Takdir,0.0,0,2024-11-23 16:38:26.140907
Sell Without Selling - New Edition: Strategi Sukses Menjual Tanpa Menjual,0.0,0,2024-11-23 16:38:26.140907
Leaders Eat Last,0.0,0,2024-11-23 16:38:26.140907
Girl On The Best Seller List,0.0,0,2024-11-23 16:38:26.140907
Writing The Bestseller Ii: Romance And Commercial Fiction,0.0,0,2024-11-23 16:38:26.140907
The Bestseller Code,0.0,0,2024-11-23 16:38:26.140907
Collected Stories : Guy De Maupassant(Set Of 3 Bestseller Books),0.0,0,2024-11-23 16:38:26.140907
Meracik Buku Menjadi Bestseller,0.0,0,2024-11-23 16:38:26.140907
10 Secrets To A Bestseller,5.0,1,2024-11-23 16:38:26.140907
Marketing For Dummies,5.0,1,2024-11-23 16:38:26.140907
Best Sellers,0.0,0,2024-11-23 16:38:26.140907
Pelukis Bisu (The Silent Patient),0.0,0,2024-11-23 16:38:26.140907
Five Hundred Years Of Printing,0.0,0,2024-11-23 16:38:26.140907
Gareth'S Guide To Writing A Best Seller,0.0,0,2024-11-23 16:38:26.140907
9 November ( November 9),0.0,0,2024-11-23 16:38:26.140907
How To Write An Ebook Bestseller,0.0,0,2024-11-23 16:38:26.140907
The Bestseller,0.0,0,2024-11-23 16:38:26.140907
From Banned Book To Bestseller,0.0,0,2024-11-23 16:38:26.140907
Bestseller Classic Fiction By Victor Hugo : Les Miserables/Poems/The Hunchback Of Notre Dame,0.0,0,2024-11-23 16:38:26.140907
Bestseller British Classics Of James Hilton : Time And Time Again/Lost Horizon/Random Harvest/Good-Bye Mr. Chips,0.0,0,2024-11-23 16:38:26.140907
Burning Daylight & Other Works (Set Of 3 Bestseller Books By Jack London) Burning Daylight/ White Fang/ The Cruise Of The Snark,0.0,0,2024-11-23 16:38:26.140907
This Is Our Message,0.0,0,2024-11-23 16:38:26.140907
The Indian Listener,0.0,0,2024-11-23 16:38:26.140907
Sang Alkemis (O Alquimista/The Alchemist) - Edisi Revisi,0.0,0,2024-11-23 16:38:26.140907
Bestseller She Wrote,0.0,0,2024-11-23 16:38:26.140907
"Rich Dad, Poor Dad",4.0,6,2024-11-23 16:38:26.140907
Baseball'S Top 10,0.0,0,2024-11-23 16:39:59.500743
Dk Eyewitness Top 10 San Francisco,0.0,0,2024-11-23 16:39:59.500743
Top 10 Florence And Tuscany,0.0,0,2024-11-23 16:39:59.500743
Top 10 Di Dunia Olahraga,0.0,0,2024-11-23 16:39:59.500743
Dk Eyewitness Top 10 Cornwall And Devon,0.0,0,2024-11-23 16:39:59.500743
Quality Stabilization,0.0,0,2024-11-23 16:39:59.500743
Fcc Record,0.0,0,2024-11-23 16:39:59.500743
Ebay Business All-In-One For Dummies,0.0,0,2024-11-23 16:39:59.500743
Dk Eyewitness Top 10 Phuket,0.0,0,2024-11-23 16:39:59.500743
"Quality And Price Stabilization, Hearings ... 87-2 ... June 11, 12, 13, 14, 15, 1962",0.0,0,2024-11-23 16:39:59.500743
Top 10 Masalah Islam Komtemporer,0.0,0,2024-11-23 16:39:59.500743
"The Sitcom Reader, Second Edition",0.0,0,2024-11-23 16:39:59.500743
Kids Top 10 Pet Birds,0.0,0,2024-11-23 16:39:59.500743
Kids Top 10 Pet Cats,0.0,0,2024-11-23 16:39:59.500743
Bibliography On Smoking And Health,0.0,0,2024-11-23 16:39:59.500743
Top 10 Hong Kong,0.0,0,2024-11-23 16:39:59.500743
Ebay For Dummies,0.0,0,2024-11-23 16:39:59.500743
Top 10 Sydney,0.0,0,2024-11-23 16:39:59.500743
Dk Eyewitness Top 10 Florence And Tuscany,0.0,0,2024-11-23 16:39:59.500743
Billboard Top 10 Hits 1980-1989 With Video Links,0.0,0,2024-11-23 16:39:59.500743
Dk Eyewitness Top 10 Naples And The Amalfi Coast,0.0,0,2024-11-23 16:39:59.500743
Dk Eyewitness Top 10 Cancún And The Yucatán,0.0,0,2024-11-23 16:39:59.500743
Dk Eyewitness Top 10 Vancouver And Vancouver Island,0.0,0,2024-11-23 16:39:59.500743
Science Indicators,0.0,0,2024-11-23 16:39:59.500743
"A Report To Be Submitted To The Office Of Manpower, Automation, And Training, United States Department Of Labor: Academic Labor Markets",0.0,0,2024-11-23 16:39:59.500743
Project Summaries,0.0,0,2024-11-23 16:39:59.500743
Proposed Amendments To Federal Transportation Laws,0.0,0,2024-11-23 16:39:59.500743
Traveling To Maui Island,0.0,0,2024-11-23 16:39:59.500743
"Hearings, Reports And Prints Of The House Committee On Interstate And Foreign Commerce",0.0,0,2024-11-23 16:39:59.500743
"My New Ipad, 3Rd Edition",0.0,0,2024-11-23 16:39:59.500743
The Top 10 Lyme Disease Treatments,0.0,0,2024-11-23 16:39:59.500743
The Gallup Poll,0.0,0,2024-11-23 16:39:59.500743
Collins Cobuild Advanced Dictionary Of English,0.0,0,2024-11-23 16:39:59.500743
Work With Me!,0.0,0,2024-11-23 16:39:59.500743
Actions Needed To Improve The Reliability Of Afghan Security Force Assessments,0.0,0,2024-11-23 16:39:59.500743
"Service, Satisfaction And Climate",0.0,0,2024-11-23 16:39:59.500743
Iphone 6S Portable Genius,5.0,1,2024-11-23 16:39:59.500743
Ebay For Seniors For Dummies,0.0,0,2024-11-23 16:39:59.500743
Routledge Library Editions: Financial Markets,0.0,0,2024-11-23 16:39:59.500743
Comprehensive Deposit Insurance Reform,0.0,0,2024-11-23 16:39:59.500743
Cassey Stoner Biography,4.0,2,2024-11-23 16:47:47.187485
The Legend; Biography Of Habib Rizieq Shihab,0.0,0,2024-11-23 16:47:47.187485
Biography Exemplary And Instructive,0.0,0,2024-11-23 16:47:47.187485
Cristiano Ronaldo Biography,4.0,4,2024-11-23 16:47:47.187485
Margareth Thatcher: Authorized Biography,0.0,0,2024-11-23 16:47:47.187485
Biography,0.0,0,2024-11-23 16:47:47.187485
His Way: A Biography Of Robert Muldoon,0.0,0,2024-11-23 16:47:47.187485
The Virginia Magazine Of History And Biography,0.0,0,2024-11-23 16:47:47.187485
Brazil: A Biography,0.0,0,2024-11-23 16:47:47.187485
Ornithological Biography,0.0,0,2024-11-23 16:47:47.187485
Gale Biography Presents: Political Figures,0.0,0,2024-11-23 16:47:47.187485
Biography: Freedom And Destiny,0.0,0,2024-11-23 16:47:47.187485
Sayyid Saeed Akhtar Rizvi - A Biography,0.0,0,2024-11-23 16:47:47.187485
Kobe Bryant Biography,0.0,0,2024-11-23 16:47:47.187485
"Shakespeare Biography And Other Papers, Chiefly Elizabethan",0.0,0,2024-11-23 16:47:47.187485
Wang Yangming: An Essential Biography,0.0,0,2024-11-23 16:47:47.187485
Stephen Curry A Short Unauthorized Biography,0.0,0,2024-11-23 16:47:47.187485
Dictionary Of National Biography,0.0,0,2024-11-23 16:47:47.187485
Biography Of Sardar Vallabhbhai Patel,0.0,0,2024-11-23 16:47:47.187485
The Stoic: A Biography Of Seneca,0.0,0,2024-11-23 16:47:47.187485
Essays In Ecclesiastical Biography,0.0,0,2024-11-23 16:47:47.187485
Biography Strategy Lesson--Compare And Contrast,0.0,0,2024-11-23 16:47:47.187485
British Musical Biography,0.0,0,2024-11-23 16:47:47.187485
The Ratan Tata Way | Complete Biography & Success Secrets,0.0,0,2024-11-23 16:47:47.187485
"The Soldier'S Companion, Or Martial Recorder, Consisting Of Biography, Anecdotes, Poetry [&C.].",5.0,1,2024-11-23 16:47:47.187485
"Big Fellow, Long Fellow. A Joint Biography Of Collins And De Valera",0.0,0,2024-11-23 16:47:47.187485
Celebrity Biographies - The Amazing Life Of Bill Gates And Steve Jobs - Biography Series,0.0,0,2024-11-23 16:47:47.187485
Picturing Frederick Douglass: An Illustrated Biography Of The Nineteenth Century'S Most Photographed American,0.0,0,2024-11-23 16:47:47.187485
Pennsylvania Magazine Of History And Biography,0.0,0,2024-11-23 16:47:47.187485
The Lives Of The Super Rich: Biography Of The Richest Men And Women In History - | Children'S Biography Books,0.0,0,2024-11-23 16:47:47.187485
"The British Cyclopedia Of Biography: Containing The Lives Of Distinguished Men Of All Ages And Countries, With Portraits, Residences, Autographs, And Monuments",0.0,0,2024-11-23 16:47:47.187485
The Pennsylvania Magazine Of History And Biography,0.0,0,2024-11-23 16:47:47.187485
"Album Of History And Biography Of Meeker County, Minnesota",0.0,0,2024-11-23 16:47:47.187485
"The Auto-Biography Of Goethe: The Concluding Books, Also Letters From Switzerland, And Travels In Italy",0.0,0,2024-11-23 16:47:47.187485
Appleton'S Cyclopædia Of American Biography,0.0,0,2024-11-23 16:47:47.187485
"The Standard American Encyclopedia Of Arts, Sciences, History, Biography, Geography, Statistics, And General Knowledge ...",0.0,0,2024-11-23 16:47:47.187485
Biography: A Lasting Legacy,0.0,0,2024-11-23 16:47:47.187485
Harpers' Popular Cyclopædia Of United States History,0.0,0,2024-11-23 16:47:47.187485
"... History Of Oswego County, New York",0.0,0,2024-11-23 16:47:47.187485
American Biography,0.0,0,2024-11-23 16:47:47.187485
Tour & Travel Revolution (Edisi Revisi),0.0,0,2024-11-23 16:48:29.664037
Revolusi Gila Bisnis Tour & Travel,0.0,0,2024-11-23 16:48:29.664037
Travel Guide To Tanimbar,0.0,0,2024-11-23 16:48:29.664037
101 Travel Tips & Stories,0.0,0,2024-11-23 16:48:29.664037
Travel Guide To North Kolaka,0.0,0,2024-11-23 16:48:29.664037
Travel Guide To Luwuk Banggai,0.0,0,2024-11-23 16:48:29.664037
Cara Mudah Berbisnis Travel Umrah Dan Haji Khusus,0.0,0,2024-11-23 16:48:29.664037
Dgi : Travel Resolution,0.0,0,2024-11-23 16:48:29.664037
Sukses Jadi Travel Blogger !,0.0,0,2024-11-23 16:48:29.664037
Ekonomi Dan Travel Cost,0.0,0,2024-11-23 16:48:29.664037
Travel Writing Is Fun,0.0,0,2024-11-23 16:48:29.664037
Te We (Travel Writer),0.0,0,2024-11-23 16:48:29.664037
Travel Guide To Puncak,0.0,0,2024-11-23 16:48:29.664037
Travel Guide To Seram Bagian Timur,0.0,0,2024-11-23 16:48:29.664037
Travel Guide To Talaud Islands Regency,0.0,0,2024-11-23 16:48:29.664037
Wonderful Indonesia: Revolusi Tour & Travel Digital,0.0,0,2024-11-23 16:48:29.664037
"Untung Melimpah Ruah Dari Bisnis Tour & Travel, Umrah, Serta Paket Wisata Keliling Dunia",0.0,0,2024-11-23 16:48:29.664037
Travel Guide To Bone Bolango Regency,0.0,0,2024-11-23 16:48:29.664037
Travel Guide To Mamberamo Raya,0.0,0,2024-11-23 16:48:29.664037
Travel Guide To Humbang Hasundutan,0.0,0,2024-11-23 16:48:29.664037
Travel Guide To East Aceh,0.0,0,2024-11-23 16:48:29.664037
Top 15 Travel Destinations In Indonesia,0.0,0,2024-11-23 16:48:29.664037
Me Photo Travel,0.0,0,2024-11-23 16:48:29.664037
Travel Guide To Tojo Una-Una Regency,0.0,0,2024-11-23 16:48:29.664037
Teori Dan Penerapan Valuasi Ekonomi Dengan Pendekatan Biaya Perjalanan (Travel Cost Approach) Di Percandian Muaro Jambi,0.0,0,2024-11-23 16:48:29.664037
Born To Travel: Petualangan Menjelajah Lima Benua Di Dunia,0.0,0,2024-11-23 16:48:29.664037
The Naked Traveler Anthology,0.0,0,2024-11-23 16:48:29.664037
Keyes' Hand-Book Of Northern Pleasure Travel,0.0,0,2024-11-23 16:48:29.664037
Travel And Big Game,0.0,0,2024-11-23 16:48:29.664037
Newspaper Libels And Reprinted Notes Of Travel,0.0,0,2024-11-23 16:48:29.664037
"Outing; Sport, Adventure, Travel, Fiction",0.0,0,2024-11-23 16:48:29.664037
The Naked Traveler 1 Year Round-The-World Trip (Part 2) (Republish),0.0,0,2024-11-23 16:48:29.664037
Travel Guide To Bangkalan,0.0,0,2024-11-23 16:48:29.664037
Travel,0.0,0,2024-11-23 16:48:29.664037
Travel Guide To Majene,0.0,0,2024-11-23 16:48:29.664037
Transportation Forecasting And Travel Behavior,0.0,0,2024-11-23 16:48:29.664037
Applying Gps Data To Understand Travel Behavior,0.0,0,2024-11-23 16:48:29.664037
Travel Guidelines For Secretary Of State Employees,0.0,0,2024-11-23 16:48:29.664037
Travel And Exploration,0.0,0,2024-11-23 16:48:29.664037
Passenger Travel Forecasting,0.0,0,2024-11-23 16:48:29.664037
200 Words To Help You Talk About Philosophy,0.0,0,2024-11-23 16:49:22.029948
Philosophy Of Language,0.0,0,2024-11-23 16:49:22.029948
Informal Philosophy,0.0,0,2024-11-23 16:49:22.029948
A Brief History Of The Philosophy Of Time,0.0,0,2024-11-23 16:49:22.029948
The Rise Of Scientific Philosophy,5.0,1,2024-11-23 16:49:22.029948
The Oxford Handbook Of World Philosophy,0.0,0,2024-11-23 16:49:22.029948
Ancient Philosophy,0.0,0,2024-11-23 16:49:22.029948
Tentang Tirani: Dua Puluh Pelajaran Dari Abad Kedua Puluh,0.0,0,2024-11-23 16:49:22.029948
Basic Concepts Of Aristotelian Philosophy,0.0,0,2024-11-23 16:49:22.029948
Philosophy As A Way Of Life,0.0,0,2024-11-23 16:49:22.029948
The Philosophy Of Marx,3.0,2,2024-11-23 16:49:22.029948
Beyond,0.0,0,2024-11-23 16:49:22.029948
The Individual And The Cosmos In Renaissance Philosophy,0.0,0,2024-11-23 16:49:22.029948
"Philosophy Of Engineering, East And West",0.0,0,2024-11-23 16:49:22.029948
Philosophy Of Perception,0.0,0,2024-11-23 16:49:22.029948
Dunia Sophie,0.0,0,2024-11-23 16:49:22.029948
Introduction To Philosophy,0.0,0,2024-11-23 16:49:22.029948
History Of Philosophy,0.0,0,2024-11-23 16:49:22.029948
The Philosophy Of The Beautiful ...,0.0,0,2024-11-23 16:49:22.029948
The Philosophy Skills Book,0.0,0,2024-11-23 16:49:22.029948
New British Philosophy,0.0,0,2024-11-23 16:49:22.029948
Politik Ekologi Sosial,0.0,0,2024-11-23 16:49:22.029948
Philosophy And Computing,0.0,0,2024-11-23 16:49:22.029948
A Naturalistic Introduction To Philosophy,0.0,0,2024-11-23 16:49:22.029948
Hellenic Philosophy,0.0,0,2024-11-23 16:49:22.029948
Intercultural Philosophy,0.0,0,2024-11-23 16:49:22.029948
Descriptive Ethics,0.0,0,2024-11-23 16:49:22.029948
On Liberty: Perihal Kebebasan,0.0,0,2024-11-23 16:49:22.029948
A Short History Of Philosophy,0.0,0,2024-11-23 16:49:22.029948
The Oxford Handbook Of Contemporary Philosophy,0.0,0,2024-11-23 16:49:22.029948
Consolationism And Comparative African Philosophy,0.0,0,2024-11-23 16:49:22.029948
Filsafat Untuk Pemula,0.0,0,2024-11-23 16:49:22.029948
Dictionary Of Early American Philosophers,0.0,0,2024-11-23 16:49:22.029948
The Greatest Philosophers - 100 Tokoh Filsuf Barat Dari Abad 6 Sm - Abad 21 Yang Menginspirasi Dunia Bisnis,5.0,1,2024-11-23 16:49:22.029948
The Problems Of Philosophy,0.0,0,2024-11-23 16:49:22.029948
Ancient Philosophy Of The Self,0.0,0,2024-11-23 16:49:22.029948
"Kazimierz Twardowski On Actions, Products And Other Topics In Philosophy",0.0,0,2024-11-23 16:49:22.029948
Think And Grow Rich,5.0,2,2024-11-23 16:49:22.029948
Almustafa,0.0,0,2024-11-23 16:49:22.029948
Philosophy And Technology,0.0,0,2024-11-23 16:49:22.029948
